name,artist,release_date,popularity,id,valence
Sparks,Coldplay,2000-07-10,86,7D0RhFcb3CrfPuTJ0obrod,0.165
Yellow,Coldplay,2000-07-10,90,3AJwUDP919kvQ9QcozQPxg,0.285
The Real Slim Shady,Eminem,2000-05-23,87,3yfqSUWxFvZELEM4PmlwIR,0.76
Kryptonite,3 Doors Down,2000,81,6ZOBP3NvffbU4SZcrnt1k6,0.543
Ms. Jackson,Outkast,2000-10-31,82,0I3q5fE6wg7LIfHGngUTnV,0.613
In the End,Linkin Park,2000-10-24,87,60a0Rd6pjrkxjPbaKzXjfq,0.4
Change (In the House of Flies),Deftones,2000-05-16,79,51c94ac31swyDQj9B3Lzs3,0.179
One Step Closer,Linkin Park,2000-10-24,81,3K4HG9evC7dg3N0R9cYqk4,0.538
It's A Great Day To Be Alive,Travis Tritt,2000-10-01,74,3oW6SWwGqiZSPTiAp7ZQoH,0.542
Stan,Eminem,2000-05-23,82,3UmaczJpikHgJFyBTAJVoz,0.507
Ride Wit Me,Nelly,2000-06-27,77,3Gf5nttwcX9aaSQXRWidEZ,0.722
It Wasn't Me,Shaggy,2000-08-08,80,3WkibOpDF7cQ5xntM1epyf,0.654
Bye Bye Bye,*NSYNC,2000-03-21,74,62bOmKYxYg7dhrC6gH9vFn,0.861
Down with the Sickness,Disturbed,2000-03-07,77,40rvBMQizxkIqnjPdEWY1v,0.941
"So Fresh, So Clean",Outkast,2000-10-31,74,6glsMWIMIxQ4BedzLqGVi4,0.915
Oops!...I Did It Again,Britney Spears,2000-05-16,80,6naxalmIoLFWR0siv8dnQQ,0.894
Crawling,Linkin Park,2000-10-24,78,57BrRMwf9LrcmuOsyGilwr,0.299
It's Gonna Be Me,*NSYNC,2000-03-21,72,2AW37v0bDyuOzGP3XnmFuA,0.908
Me and the Birds,Duster,2000-08-22,73,4wEuNvb7oG8oZYrZPZ9rPr,0.223
Rollin' (Air Raid Vehicle),Limp Bizkit,2000-10-17,78,3IV4swNduIRunHREK80owz,0.709
Papercut,Linkin Park,2000-10-24,77,1Vej0qeQ3ioKwpI6FUbRv1,0.661
Country Grammar (Hot Shit),Nelly,2000-06-27,70,3wMUvT6eIw2L5cZFG1yH9j,0.565
Angel,Shaggy,2000-08-08,77,7FDV5ELOJHCGLe52AnttEd,0.807
Hanging By A Moment,Lifehouse,2000,68,0wqOReZDnrefefEsrIGeR4,0.435
Red Red Wine,UB40,2000,74,4uOKFydzAejjSFqYbv1XPt,0.843
The Way I Am,Eminem,2000-05-23,74,23wfXwnsPZYe5A1xXRHb3J,0.315
Dancing in the Moonlight,Toploader,2000,79,3Fzlg5r1IjhLk2qRw667od,0.867
Didn't Cha Know,Erykah Badu,2000-10-31,71,7pv80uUHfocFqfTytu1MVi,0.816
It's My Life,Bon Jovi,2000-01-01,81,0v1XpBHnsbkCn7iJ9Ucr1l,0.544
My Way,Limp Bizkit,2000-10-17,75,2gSVKxPDww9Eep5rdvtdem,0.609
El Amor Soñado,Los Tucanes De Tijuana,2000-11-01,74,587p8shYuTXUhThG3t9x60,0.629
Follow Me,Uncle Kracker,2000-06-13,72,4KoecuyOpZaNFZ0UqVsllc,0.916
Better Off Alone,Alice Deejay,2000-10-01,77,5XVjNRubJUW0iPhhSWpLCj,0.787
Beautiful Day,U2,2000-01-01,66,1VuBmEauSZywQVtqbxNqka,0.454
Absolutely (Story of a Girl) - Radio Mix,Nine Days,2000-05-16,68,3mNecsYFb6LQg7822DPXCP,0.66
Teenage Dirtbag,Wheatus,2000-09-29,71,3LI4MmibTkXH5cGpCGZgyw,0.57
Digital Bath,Deftones,2000-05-16,69,2jSJm3Gv6GLxduWLenmjKS,0.504
Take A Look Around,Limp Bizkit,2000-10-17,76,2avKuMN2QXkaG9vvHa2JLt,0.512
A Place for My Head,Linkin Park,2000-10-24,72,5rAxhWcgFng3s570sGO2F8,0.457
Awake,Godsmack,2000-10-31,67,6xXlurslWqFuyqTCBlErzX,0.475
Want You Bad,The Offspring,2000-11-14,73,6hwQ69v7VbPhTTR2fOtYX7,0.614
I Hope You Dance,Lee Ann Womack,2000-01-01,66,65B1tEOv5W294uCKbmEcFV,0.275
Mis Tres Viejas,Los Tucanes De Tijuana,2000-11-12,70,1yxJIFPhP2EqnQ6oWJKbmP,0.968
Kill You,Eminem,2000-05-23,70,5eGEc27nnhtmcOh6RC890a,0.677
Bitch Please II,Eminem,2000-05-23,73,7lgvU7WnwcNZ8dbGUz8yhP,0.779
What's Your Fantasy (Featuring Shawna),Ludacris,2000-01-01,65,4LwOrnuxJwR7C5Sw4liY4Z,0.967
I'm Like A Bird,Nelly Furtado,2000,74,2aGw77pZqli064JiPuXYRi,0.614
Judith,A Perfect Circle,2000-01-01,67,5KDNFlHAdDJ84fhK27c35X,0.304
Hey Jude - Remastered 2015,The Beatles,2000-11-13,72,0aym2LBJBk9DAYuHHutrIl,0.532
Secreto De Amor,Joan Sebastian,2000-04-05,73,47PiSg7z5qjUyEGKN4I1g7,0.624
The Middle,Jimmy Eat World,2001-07-17,83,6GG73Jik4jUlQCkKg9JuGO,0.903
Chop Suey!,System Of A Down,2001-09-04,85,2DlHlPMa4M17kufBvI2lEN,0.287
Island In The Sun,Weezer,2001-05-15,80,2MLHyLy5z5l5YRp7momlgw,0.661
Last Resort,Papa Roach,2001-04-25,82,5W8YXBz9MTIDyrpYaCg2Ky,0.692
Drops of Jupiter (Tell Me),Train,2001-03-27,80,2hKdd3qO7cWr2Jo0Bcs0MA,0.497
How You Remind Me,Nickelback,2001-09-11,82,0gmbgwZ8iqyMPmXefof8Yf,0.543
Toxicity,System Of A Down,2001-09-04,82,0snQkGI5qnAmohLE7jTsTn,0.48
Bodies,Drowning Pool,2001-01-01,77,7CpbhqKUedOIrcvc94p60Y,0.544
Aerials,System Of A Down,2001-09-04,79,4e9eGQYsOiBcftrWXwsVco,0.227
Clint Eastwood,Gorillaz,2001,71,7yMiX7n9SBvadzox8T5jzT,0.525
Me Gustas Tu,Manu Chao,2001-06-01,84,6b37xrsNCWYIUphFBazqD6,0.908
In Too Deep,Sum 41,2001-01-01,76,1HNE2PX70ztbEl6MLxrpNL,0.766
It's Been Awhile,Staind,2001-05-22,69,25CMmGsl22APKhfuj4Tp7j,0.0824
Fat Lip,Sum 41,2001-01-01,75,4KacUpvbA3Mfo05gttTjhN,0.626
First Date,blink-182,2001,76,1fJFuvU2ldmeAm5nFIHcPP,0.882
Someday,The Strokes,2001-07-30,69,7hm4HTk9encxT0LYC0J6oI,0.679
New Slang - 2021 Remaster,The Shins,2001-06-19,75,0NslHuacjxQYfUTOW3HCIV,0.622
Smooth Criminal,Alien Ant Farm,2001-01-01,76,5z6xHjCZr7a7AIcy8sPBKy,0.87
Last Nite,The Strokes,2001-07-30,68,3SUusuA9jH1v6PVwtYMbdv,0.79
She Hates Me,Puddle Of Mudd,2001-08-28,72,16DhvbuyvJob4Q9GHNYu2n,0.584
Family Affair,Mary J. Blige,2001-08-28,79,3aw9iWUQ3VrPQltgwvN9Xu,0.969
One Last Breath,Creed,2001-01-01,74,42T2QQv3xgBlpQxaSP7lnK,0.195
Crazy Rap (Colt 45 & 2 Zig Zags),Afroman,2001-08-28,72,1ACZpHI5vZ5Ea4xGlkdGWM,0.576
Let Me Blow Ya Mind,Eve,2001-01-01,76,3RmKpob8xzv1pzHEQrMJah,0.897
Fell In Love With a Girl,The White Stripes,2001-07-03,73,21Qsj3cMVCx2xF2EVVNbEu,0.299
Blurry,Puddle Of Mudd,2001-01-01,67,6lSr3iZTC144PKhvbPFzMp,0.523
Wish You Were Here,Incubus,2001-10-23,72,6KtLECDztnah63TNmV4Plw,0.35
What's Luv? (feat. Ja-Rule & Ashanti),Fat Joe,2001-12-04,75,2mKouqwAIdQnMP43zxR89r,0.919
Sweetness,Jimmy Eat World,2001-07-17,70,429IbFR4yp2J81CeTwF5iY,0.597
Click Click Boom,Saliva,2001-03-27,70,2CGDxXXYbkPOyRXHzQbqkT,0.498
One More Time,Daft Punk,2001-03-12,77,0DiWol3AO6WpXZgp0goxAV,0.476
Ol' Red,Blake Shelton,2001-07-31,68,5wane5dFpp8xgriui6y0c7,0.494
U Got It Bad,USHER,2001-08-07,73,7J41dYQolQJEtj3UmKLu5r,0.649
Lady - Hear Me Tonight,Modjo,2001,78,49X0LAl6faAusYq02PRAY6,0.869
"Whenever, Wherever",Shakira,2001-11-13,80,2lnzGkdtDj5mtlcOW2yRtG,0.871
Can't Get You out of My Head,Kylie Minogue,2001-10-01,78,3E7ZwUMJFqpsDOJzEkBrQ7,0.964
Picture (feat. Sheryl Crow),Kid Rock,2001-11-19,69,69j0KoPJuwpnbGWrfn7Yll,0.376
Mexican Radio,South Park Mexican,2001-11-06,68,419BgOz6TVQm8vvgiwXq5X,0.309
I Can Only Imagine,MercyMe,2001,68,1G5S1rEr4L57ftizRHcYDP,0.135
Amber,311,2001-06-19,67,6Fe3Flc9SjE03pqwD6PVQl,0.744
Your Body Is a Wonderland,John Mayer,2001-08-16,74,7vFv0yFGMJW3qVXbAd9BK9,0.687
Fallin',Alicia Keys,2001-06-05,76,0KQx6HOpJueiSkztcS0r7D,0.482
Schism,TOOL,2001-05-15,70,55mJleti2WfWEFNFcBduhc,0.191
Wherever You Will Go,The Calling,2001,77,5QpaGzWp0hwB5faV8dkbAz,0.371
QKThr,Aphex Twin,2001-10-22,72,4LIM4qmpHABufePRrLWbiM,0.0573
U Remind Me,USHER,2001-08-07,73,2QsZVnbWVSjKMXK6K3uRBL,0.726
Rock The Boat,Aaliyah,2001-07-07,70,0qvlhVNm7L5IWabWF5hlEL,0.415
Hash Pipe,Weezer,2001-05-15,69,2mPMFJvQ0v27gVqe5b6nDn,0.623
The Rock Show,blink-182,2001,72,2ydUT1pFhuLDnouelIv4WH,0.83
Sonne,Rammstein,2001-04-02,70,4w3R0GZ2rScJMKlgPJzHRq,0.313
Without Me,Eminem,2002-05-26,88,7lQ8MOhq6IN2w8EYcFNSUk,0.662
Till I Collapse,Eminem,2002-05-26,85,4xkOaSrkexMciUUogZKVTS,0.1
Rock Your Body,Justin Timberlake,2002-11-04,81,1AWQoqb9bSvzTjaLralEkT,0.817
Can't Stop,Red Hot Chili Peppers,2002-07-09,83,3ZOEytgrvLwQaqXreDs2Jx,0.875
Superman,Eminem,2002-05-26,86,4woTEX1wYOTGDqNXuavlRC,0.58
Hot In Herre,Nelly,2002-06-25,78,04KTF78FFg8sOHC1BADqbY,0.912
Get Low,Lil Jon & The East Side Boyz,2002-10-29,76,0r2Bul2NuCViraT2zX1l5j,0.136
This Love,Maroon 5,2002,82,6ECp64rv50XVz93WvxXMGF,0.809
The Scientist,Coldplay,2002-08-08,85,75JFxkI2RXiU7L9VXzMkle,0.213
Headstrong,Trapt,2002-11-05,74,1AEYT6VxrxXPMoQUxsY0E4,0.534
Foolish,Ashanti,2002-01-01,75,6zMUIb4uce1CzpbjR3vMdN,0.707
The Red,Chevelle,2002,72,1gyee1JuFFiP476LQpRMYU,0.332
Complicated,Avril Lavigne,2002-06-04,80,5xEM5hIgJ1jjgcEBfpkt2F,0.427
The Anthem,Good Charlotte,2002-10-04,75,0BRHnOFm6sjxN1i9LJrUDu,0.893
Sk8er Boi,Avril Lavigne,2002-06-04,77,00Mb3DuaIH1kjrwOku9CGU,0.484
Dilemma,Nelly,2002-06-25,79,0ARK753YaiJbpLUk7z5yIM,0.607
Clocks,Coldplay,2002-08-08,83,0BCPKOYdS2jbQ8iyB56Zns,0.255
Like a Stone,Audioslave,2002-11-17,79,3YuaBvuZqcwN3CEAyyoaei,0.516
She Will Be Loved - Radio Mix,Maroon 5,2002,81,4llK75pXNWZz6KAho2Gp16,0.465
"Courtesy Of The Red, White And Blue (The Angry American)",Toby Keith,2002-01-01,70,0M7mWKqwTIaVjYyxfZmtTa,0.384
Superstition - Single Version,Stevie Wonder,2002-10-29,76,1h2xVEoJORqrg71HocgqXd,0.872
Here Without You,3 Doors Down,2002-11-12,77,3NLrRZoMF0Lx6zTlYqeIo4,0.233
Sunday Morning,Maroon 5,2002,76,5qII2n90lVdPDcgXEEVHNy,0.809
A Thousand Miles,Vanessa Carlton,2002-04-30,78,4w1lzcaoZ1IC2K5TwjalRP,0.268
Are You That Somebody,Aaliyah,2002-12-10,71,3PqAnW2bB5TQnMoBivyFOb,0.843
Obsesion,Aventura,2002-06-01,77,65H6t1WQBim6q93yM8fEwn,0.768
When I'm Gone,3 Doors Down,2002-11-12,71,3WbphvawbMZ8FyqDxYGdSQ,0.374
No One Knows,Queens of the Stone Age,2002,69,6NvRxjfYkkT2SpirAlmsjH,0.637
Drift Away,Uncle Kracker,2002-07-09,69,0RFgvrhkf9FiDRLA0BhzpZ,0.861
Don't Know Why,Norah Jones,2002-02-26,77,1zNXF2svmdlNxfS5XeNUgr,0.635
Cry Me a River,Justin Timberlake,2002-11-04,77,7Lf7oSEVdzZqTA0kEDSlS5,0.564
Beer For My Horses,Toby Keith,2002-01-01,69,7E2DqvnVtbIrFrL5X6YH9Q,0.805
Hurt,Johnny Cash,2002-01-01,74,28cnXtME493VX9NOw9cIUh,0.163
Still Waiting,Sum 41,2002-01-01,67,2OMqSRS11ly56zg9u5za6c,0.56
About A Girl,Nirvana,2002-10-29,74,55yvzYuvJYG2RUEnMK78tr,0.591
All My Life,Foo Fighters,2002-10-22,74,6tsojOQ5wHaIjKqIryLZK6,0.637
Sing For The Moment,Eminem,2002-05-26,78,3CpoeW0cZSDzIRv5z34F87,0.185
"Swing, Swing",The All-American Rejects,2002-10-15,68,003FTlCpBTM4eSqYSWPv4H,0.318
Somebody Like You,Keith Urban,2002-01-01,70,0b9djfiuDIMw1zKH6gV74g,0.656
Send the Pain Below,Chevelle,2002,67,6dRAAG4sB71NAtVCHJep7s,0.293
Fine Again,Seether,2002-01-01,67,4eTIe5eqds88bA9ua6p5p6,0.363
By the Way,Red Hot Chili Peppers,2002-07-09,77,1f2V8U1BiWaC9aJWmpOARe,0.198
Still Fly,Big Tymers,2002-01-01,66,563vSy3HB5NHxel1VGQCW6,0.56
Cleanin' Out My Closet,Eminem,2002-05-26,74,7BMO7O7ImjV8HNTH74Tshv,0.87
All The Things She Said,t.A.T.u.,2002,77,4bJygwUKrRgq1stlNXcgMg,0.376
Es Por Ti,Juanes,2002-01-01,80,3b1IQflSLrgzYQPGFzI9cl,0.859
Guatauba,Plan B,2002-05-10,76,0xJFWROBNTBL4sKEuA5pm6,0.635
Cute Without The 'E' (Cut From The Team) - Remastered,Taking Back Sunday,2002-03-26,67,6OyKBwLzq4h15XmxeWf5n4,0.572
Ven Porque Te Necesito,Los Temerarios,2002-01-01,74,4MNfkZ8dtva3cjJ2biqnDS,0.417
Show Me How to Live,Audioslave,2002-11-17,71,1Qdnvn4XlmZANCVy3XjrQo,0.368
Seven Nation Army,The White Stripes,2003-04-01,85,3dPQuX8Gs42Y7b454ybpMR,0.278
Hey Ya!,Outkast,2003,83,2PpruBYCo4H7WOBJ7Q2EwM,0.965
In Da Club,50 Cent,2003-02-06,76,4RY96Asd9IefaL3X4LOLZ8,0.805
Numb,Linkin Park,2003-03-24,86,2nLtzopw4rPReszdYBJU6h,0.243
Bring Me To Life,Evanescence,2003-03-04,84,0COqiPhxzoWICwFCS4eZcp,0.296
Crazy In Love (feat. Jay-Z),Beyoncé,2003-06-24,80,5IVuqXILoxVWvWEPm82Jxr,0.681
Toxic,Britney Spears,2003-11-13,83,6I9VzXrHxO9rA9A5euc8Ak,0.924
Dile,Don Omar,2003-01-01,83,69Ej1xrGjOcHvIMtMKxK0G,0.714
21 Questions,50 Cent,2003-02-06,75,41bIQPBE1lFN0mmw6Lmssz,0.908
Ocean Avenue,Yellowcard,2003-01-01,75,23oxJmDc1V9uLUSmN2LIvx,0.786
I Miss You,blink-182,2003-01-01,72,1oTo3ijRbaDAtrjJrGAPSw,0.593
Many Men (Wish Death),50 Cent,2003-02-06,73,2I9foKseoFQh07p6sD2voE,0.416
If I Ain't Got You,Alicia Keys,2003-12-02,81,3XVBdLihbNbxUwZosxcGuJ,0.166
I Hate Everything About You,Three Days Grace,2003-04-19,76,0M955bMOoilikPXwKLYpoi,0.453
The Reason,Hoobastank,2003-12-09,82,77loZpT5Y5PRP1S451P9Yz,0.0681
Faint,Linkin Park,2003-03-24,81,4Yf5bqU3NK4kNOypcrLYwU,0.594
Stacy's Mom,Fountains Of Wayne,2003-01-01,75,27L8sESb3KR79asDUBu8nW,0.927
Pa' Que Retozen,Tego Calderón,2003-07-01,82,5YJ4BVvTFmVCxUyhKejHfR,0.872
Suga Suga,Baby Bash,2003-01-01,74,6Nq5lE0CeOAAAqN4qhkbZU,0.535
What Was I Thinkin',Dierks Bentley,2003-01-01,71,0r8iDf65NHgFgZOGLwj5r8,0.933
Reptilia,The Strokes,2003-10-28,77,57Xjny5yNzAcsxnusKmAfA,0.77
Closing Time,Semisonic,2003-01-01,74,1A5V1sxyCLpKJezp75tUXn,0.274
Are You Gonna Be My Girl,Jet,2003-09-15,77,305WCRhhS10XUcH6AEwZk6,0.537
I Stand Alone,Godsmack,2003-04-08,69,44NRdYQw7P0GWuiunRv3hr,0.376
P.I.M.P.,50 Cent,2003-02-06,70,2D1hlMwWWXpkc3CZJ5U351,0.889
The Way You Move,Outkast,2003,70,5z7mYFfhw6N6f23VwrokJD,0.635
Where Is The Love?,Black Eyed Peas,2003-06-24,81,0xmjwnQ3FNE6HuWCt2nHdZ,0.809
Somewhere I Belong,Linkin Park,2003-03-24,69,3agtg0x11wPvLIWkYR39nZ,0.442
Lying from You,Linkin Park,2003-03-24,67,3BmjRmFTESgWZLPSVGp8aG,0.723
Red Dirt Road,Brooks & Dunn,2003-07-15,68,3EZzghqykkfOB0Z8d0kTSt,0.479
Someday,Nickelback,2003-09-23,73,4PkJ7c9y1CwpuVOiJODnCZ,0.597
Roses,Outkast,2003,72,6bUNEbXT7HovLW6BgPCBsb,0.509
Behind Blue Eyes,Limp Bizkit,2003-01-01,77,1MTQHCpraD4S8g5PAFKzoj,0.0902
Always On Time,Ja Rule,2003-01-01,66,2lXJr5BkUPZpQUV2ZGN1Wv,0.853
El Águila Blanca,Los Tucanes De Tijuana,2003-05-20,74,0crJsMs5FmnMHvQG1itkc0,0.977
Maps,Yeah Yeah Yeahs,2003-04-29,70,0hDQV9X1Da5JrwhK8gu86p,0.124
45,Shinedown,2003-05-27,67,420JGkyLfLUZcgBHKiIK9v,0.215
Right Thurr,Chingy,2003-01-01,69,0l3GEbH3CviUytD6iX4wzg,0.891
I Hate Everything About You,Three Days Grace,2003-07-22,72,6rUp7v3l8yC4TKxAAR5Bmx,0.453
Going Under,Evanescence,2003-03-04,75,3UygY7qW2cvG9Llkay6i1i,0.464
Rock Wit U (Awww Baby),Ashanti,2003-01-01,70,6pWzCKTrKrwbUPzY8RLCoP,0.849
Kokomo,The Beach Boys,2003-01-01,71,5qHYXcVvc9xsFB2uH7GpMN,0.927
So Far Away,Staind,2003-05-13,68,6FOpPA0a80RuBqqgDozvja,0.156
Soul to Squeeze,Red Hot Chili Peppers,2003-11-18,70,3arKRnq9OUd7yq6LRwVW8I,0.656
Slow Motion,JUVENILE,2003-01-01,66,6ihObRBTB8xdSH2mlERtOX,0.89
My Immortal,Evanescence,2003-03-04,75,4UzVcXufOhGUwF56HT7b8M,0.101
Feeling This,blink-182,2003-11-01,71,26AYR77170U49cMcXB7aRV,0.622
Breaking the Habit,Linkin Park,2003-03-24,67,6n8TMVyFKoUmDc4apxceRD,0.581
Suds in the Bucket,Sara Evans,2003-08-17,67,6NhpIdjYoufuNNlBsgOztc,0.898
Sway,Michael Bublé,2003,74,2ajUl8lBLAXOXNpG4NEPMz,0.737
Mr. Brightside,The Killers,2004,86,003vvx7Niy0yvhvHt4a68B,0.236
All Falls Down,Kanye West,2004-02-10,82,5SkRLpaGtvYPhw02vZhQQ9,0.434
Yeah! (feat. Lil Jon & Ludacris),USHER,2004-03-23,83,5rb9QrpfcKFHM1EUbSIurX,0.583
Mockingbird,Eminem,2004-11-12,88,561jH07mF1jHuk7KlaeF0s,0.254
Somewhere Only We Know,Keane,2004-01-01,77,0ll8uFnc0nANY35E0Lfxvg,0.368
Rapp Snitch Knishes feat. Mr. Fantastik,MF DOOM,2004-11-16,79,5KUNwkaNf8l5A9sXZhiCgI,0.825
Float On,Modest Mouse,2004-04-05,76,2lwwrWVKdf3LR9lbbhnr6R,0.553
Somebody Told Me,The Killers,2004,80,6PwjJ58I4t7Mae9xfZ9l9v,0.689
American Idiot,Green Day,2004-09-21,82,6nTiIhLmQ3FWhvrGafw2zj,0.769
Since U Been Gone,Kelly Clarkson,2004-01-17,74,3xrn9i8zhNZsTtcoWgQEAd,0.404
Duality,Slipknot,2004,80,61mWefnWQOLf90gepjOCb3,0.194
Gasolina,Daddy Yankee,2004-07-13,85,228BxWXUYQPJrJYHDLOHkj,0.741
Take Me Out,Franz Ferdinand,2004-02-16,81,20I8RduZC2PWMWTDCZuuAN,0.527
My Boo,USHER,2004-03-23,80,68vgtRHr7iZHpzGpon6Jlo,0.676
I'm Not Okay (I Promise),My Chemical Romance,2004-06-08,78,7lRlq939cDG4SzWOF4VAnd,0.255
Through The Wire,Kanye West,2004-02-10,76,4mmkhcEm1Ljy1U9nwtsxUo,0.66
Save a Horse (Ride a Cowboy),Big & Rich,2004-04-20,73,5s7m2xNZWgz5FqVSIvJcGA,0.817
"One, Two Step (feat. Missy Elliott)",Ciara,2004-09-27,75,7uKcScNXuO3MWw6LowBjW1,0.842
Helena,My Chemical Romance,2004-06-08,78,5dTHtzHFPyi8TlTtzoz1J9,0.0857
One Beer,MF DOOM,2004-11-16,75,4BnrGx9tWNF8aiXl1UhDBa,0.615
Cold,Crossfade,2004-04-13,71,6ZxrUCaynLgKSUudACOTwj,0.618
Unwritten,Natasha Bedingfield,2004-08-30,79,3U5JVgI2x4rDyHGObzJfNf,0.629
Hollaback Girl,Gwen Stefani,2004-11-23,71,0LzrhCZFXW94Y8nwtTuRlw,0.904
"Lo Que Pasó, Pasó",Daddy Yankee,2004-07-13,81,26QKsGW4hMuwiEE1ftUMHe,0.84
Freek-A-Leek,Petey Pablo,2004,70,4MeDnO5yA2Zi6IMlVApRci,0.632
Wake Me up When September Ends,Green Day,2004-09-21,80,3ZffCQKLFLUvYM59XKLbVm,0.146
Yo Voy (feat. Daddy Yankee),Zion & Lennox,2004-05-04,81,5gflgO9EPbIBf16n5TKnQS,0.554
Before I Forget,Slipknot,2004,77,6wqJeItl3Vc3az4ZicSQAB,0.348
1985,Bowling For Soup,2004,71,5oQcOu1omDykbIPSdSQQNJ,0.903
Drop It Like It's Hot,Snoop Dogg,2004-01-01,77,2NBQmPrOEEjA8VbeWOQGxO,0.662
Call Me,Blondie,2004-01-01,71,7HKxTNVlkHsfMLhigmhC0I,0.773
Numb / Encore,JAY-Z,2004-11-30,80,5sNESr6pQfIhL3krM8CtZn,0.751
Slow Jamz,Twista,2004-02-10,72,3A4cpTBPaIQdtPFb5JxtaX,0.611
Live Like You Were Dying,Tim McGraw,2004-08-17,70,7B1QliUMZv7gSTUGAfMRRD,0.418
My Band,D12,2004-01-01,74,4XHQyvbrBsQaaBUW1VvmsL,0.844
I'll Be Around (feat. Timbaland) - Club Mix,CeeLo Green,2004-03-02,72,2TIGwYiQYr1N5zTOQToDfK,0.894
Let Me Love You,Mario,2004-09-21,75,3ibKnFDaa3GhpPGlOUj7ff,0.556
Hoe Cakes,MF DOOM,2004-11-16,72,4b82tXj35SycILuILcgBQ6,0.95
All These Things That I've Done,The Killers,2004,73,5vollujufHY0jMZxx77VWr,0.206
Bless The Broken Road,Rascal Flatts,2004-01-01,70,4YjjNHtEsTX6Af4mCTupT5,0.344
In My Room,Insane Clown Posse,2004-08-31,70,7jKHJoOij35nfpq6PYHlFH,0.752
Let Me Love You,Mario,2004-12-06,68,5WphWTUIfRe7x8NZss79cY,0.607
Scars,Papa Roach,2004-01-01,69,1UREw2MCfU0xwBzCAjxlUD,0.471
All Caps,Madvillain,2004-03-24,72,21O0XXPEWPtePt5RMY93Ob,0.666
Jesus Walks,Kanye West,2004-02-10,72,5g1vtHqi9uV7xtYeCcFOBx,0.715
Overnight Celebrity,Twista,2004-01-27,69,2tOZtdbkAMQASWokLvSlzj,0.777
When the Sun Goes Down,Kenny Chesney,2004-01-22,67,5vLonpxn4VN0A8GtQOBSG0,0.708
Rosas,La Oreja de Van Gogh,2004-05-10,68,06p2Ij0lXD45LODQDCov0u,0.528
Broken,Seether,2004-01-01,71,507bYMYfbm6sUS9iEAaeSd,0.214
Confessions Part II,USHER,2004-03-23,71,7wBThXx7BGZHJJ3aN3OPvv,0.702
Gold Digger,Kanye West,2005-08-30,81,1PS1QMdUqOal0ai3Gt7sDQ,0.623
Before He Cheats,Carrie Underwood,2005-11-14,80,0ZUo4YjG4saFnEJhdWp9Bt,0.29
Feel Good Inc.,Gorillaz,2005-05-23,84,0d28khcov6AiegSCpG5TuT,0.772
Love,Keyshia Cole,2005-01-01,83,0W4NhJhcqKCqEP2GIpDCDq,0.318
"Sugar, We're Goin Down",Fall Out Boy,2005-05-03,79,2TfSHkHiFO4gRztVIkggkE,0.574
Hips Don't Lie,Shakira,2005-11-28,86,3ZFTkvIE7kyPt6Nu3PEa7V,0.758
Lose Yourself,Eminem,2005-12-06,78,5Z01UMMf7V1o0MzF86s6WJ,0.0612
I Write Sins Not Tragedies,Panic! At The Disco,2005-09-27,74,4bPQs0PHn4xbipzdPfn6du,0.609
"Dance, Dance",Fall Out Boy,2005-05-03,78,0a7BloCiNzLDD9qSQHh5m7,0.449
Good Directions,Billy Currington,2005-01-01,74,7GQjJEwqlp6m5HNWVQd6OR,0.464
Temperature,Sean Paul,2005-09-26,82,0k2GOhqsrxDTAbFFSdNJjT,0.822
Coming Undone,Korn,2005-12-06,77,3o7TMr6RmIusYH7Kkg7ujR,0.545
Hate It Or Love It,The Game,2005,83,2wGSgTmgSF3xjRrHkTc25R,0.435
Hey There Delilah,Plain White T's,2005-01-01,79,4RCWB3V8V0dignt99LZ8vH,0.298
The Kill,Thirty Seconds To Mars,2005-01-01,78,0lP4HYLmvowOKdsQ7CVkuq,0.289
How to Save a Life,The Fray,2005-09-13,81,5fVZC9GiM4e8vu99W0Xf6J,0.361
Pon de Replay,Rihanna,2005-08-29,80,4TsmezEQVSZNNPv5RJ65Ov,0.498
Dirty Little Secret,The All-American Rejects,2005-01-01,72,5lDriBxJd22IhOH9zTcFrV,0.458
We Belong Together,Mariah Carey,2005-04-12,72,3LmvfNUQtglbTrydsdIqFU,0.762
Better Together,Jack Johnson,2005-01-01,72,4VywXu6umkIQ2OS0m1I79y,0.659
Candy Shop,50 Cent,2005-03-03,81,5D2mYZuzcgjpchVY1pmTPh,0.755
Animals,Nickelback,2005-09-26,70,3rjM7GhxdVq1YySsHBs21i,0.818
Hidden In the Sand,Tally Hall,2005-10-24,76,0RjG5JmdOWXAR68dGlKBA5,0.177
Banana Pancakes,Jack Johnson,2005-01-01,71,451GvHwY99NKV4zdKPRWmv,0.615
Rockstar,Nickelback,2005-09-26,70,6n9yCXvLhnYMgJIiIcMu7D,0.693
Lonely Day,System Of A Down,2005-11-22,78,1VNWaY3uNfoeWqb5U8x2QX,0.215
Cupid's Chokehold / Breakfast in America,Gym Class Heroes,2005-02-22,77,2Lhdl74nwwVGOE2Gv35QuK,0.619
Beverly Hills,Weezer,2005-05-10,72,1yKu2MhpwzDXXH2tzG6xoa,0.741
Touch The Sky,Kanye West,2005-08-30,74,2dxjKgT0li4qBI3QwuN9Ih,0.554
Lips Of An Angel,Hinder,2005-01-01,73,40LQiUUUKXVGyNs09lHVjW,0.251
Remedy,Seether,2005-01-01,71,5ynxx6zC4dgzsMHLYQ04Dc,0.391
B.Y.O.B.,System Of A Down,2005-05-17,78,0EYOdF5FCkgOJJla8DI2Md,0.711
Move Along,The All-American Rejects,2005-01-01,69,2l57cfmCnOkwNX1tky02n1,0.646
Ella Y Yo - Featuring Don Omar,Aventura,2005-04-26,80,6G4U9avyBNEfP0fAIduev3,0.717
As Good As I Once Was,Toby Keith,2005-01-01,71,7G6l2FtQyRhQgYgut2I6i8,0.646
Boondocks,Little Big Town,2005-01-01,70,3duP6mBVDsHM8ioN7o7dAK,0.695
Fix You,Coldplay,2005-06-07,84,7LVHVU3tWfcxj5aiPFEW4Q,0.124
Pump It,Black Eyed Peas,2005-01-01,70,6btyEL6NwUa97Nex9cZFvo,0.744
I'm Sprung,T-Pain,2005-12-06,72,0DLOyyQvwPTSDKuhpzMMwA,0.195
Run It! (feat. Juelz Santana),Chris Brown,2005,75,7xYnUQigPoIDAMPVK79NEq,0.212
Yo (Excuse Me Miss),Chris Brown,2005,73,7DFnq8FYhHMCylykf6ZCxA,0.57
Just A Lil Bit,50 Cent,2005-03-03,79,4nva9EpKntUTs6CRSGBCn9,0.527
Tequila Makes Her Clothes Fall Off,Joe Nichols,2005-01-01,70,6IC6VhpV7D8T1t037Atqpu,0.681
Best of You,Foo Fighters,2005-06-14,77,5FZxsHWIvUsmSK1IAvm2pp,0.369
Happy?,Mudvayne,2005,72,0INUE1K7cEiE8VH63Rv5RJ,0.383
Don't Cha,The Pussycat Dolls,2005-01-01,68,1gZ7i4qxXkHZb1r6eioaAP,0.569
The Bidding,Tally Hall,2005-10-24,73,0HBrtXJohbIW4IhPZ50GmH,0.515
You And Me,Lifehouse,2005-03-22,76,0815caqt2Lytro5EIzMufT,0.354
DARE,Gorillaz,2005-05-23,75,4Hff1IjRbLGeLgFgxvHflk,0.966
Laffy Taffy,D4L,2005-11-08,72,2ajhenDRiiAnCHHjsIOHhJ,0.622
Promiscuous,Nelly Furtado,2006-01-01,85,2gam98EZKrF9XuOkU13ApN,0.868
Our Song,Taylor Swift,2006-10-24,76,15DeqWWQB4dcEWzJg15VrN,0.539
Teenagers,My Chemical Romance,2006-10-23,81,7j31rVgGX9Q2blT92VBEA0,0.856
Maneater,Nelly Furtado,2006-01-01,82,4wH4dJgrsxONID6KS2tDQM,0.787
Me & U,Cassie,2006-08-07,79,7k6IzwMGpxnRghE7YosnXT,0.739
Face Down,The Red Jumpsuit Apparatus,2006-01-01,77,4wzjNqjKAKDU82e8uMhzmr,0.464
Smack That,Akon,2006-01-01,84,2kQuhkFX7uSVepCD3h29g5,0.924
Cherry Waves,Deftones,2006-10-25,76,70L6nHORQsblY813yNqUR3,0.17
The Sweet Escape,Gwen Stefani,2006-01-01,74,66ZcOcouenzZEnzTJvoFmH,0.73
Put Your Records On,Corinne Bailey Rae,2006-01-01,80,2nGFzvICaeEWjIrBrL2RAx,0.542
Chasing Cars,Snow Patrol,2006-01-01,82,5hnyJvgoWiQUYZttV4wXy6,0.144
Animal I Have Become,Three Days Grace,2006-06-25,75,56sk7jBpZV0CD31G9hEU3b,0.506
When You Were Young,The Killers,2006-09-27,78,70wYA8oYHoMzhRRkARoMhU,0.321
Crazy,Gnarls Barkley,2006-05-02,74,2N5zMZX7YeL1tico8oQxa9,0.612
Glamorous,Fergie,2006-09-13,72,4KTtYhxFtFL7mBwnjkKfLm,0.625
The Diary of Jane - Single Version,Breaking Benjamin,2006-01-01,75,0faXHILILebCGnJBPU6KJJ,0.269
Welcome to the Black Parade,My Chemical Romance,2006-10-23,78,5wQnmLuC1W7ATsArWACrgW,0.236
Picture To Burn,Taylor Swift,2006-10-24,71,32mVHdy0bi1XKgr0ajsBlG,0.821
SexyBack (feat. Timbaland),Justin Timberlake,2006-09-12,80,0O45fw2L5vsWpdsOdXwNAR,0.964
Dani California,Red Hot Chili Peppers,2006-05-09,78,10Nmj3JCNoMeBQ87uw5j8k,0.73
So Sick,Ne-Yo,2006-01-01,80,6brl7bwOHmGFkNw3MBqssT,0.58
Say It Right,Nelly Furtado,2006-01-01,82,2aI21FnmY7TJVKeMaoQZ0t,0.809
SOS,Rihanna,2006-04-10,77,30cSNer6TV8x2utjULVeQ5,0.527
Miss Murder,AFI,2006-06-06,73,0Ti2dlF2xLjXblvdU5fCxM,0.686
Fergalicious,Fergie,2006-09-13,70,1D066zixBwqFYqBhKgdPzp,0.829
Snow (Hey Oh),Red Hot Chili Peppers,2006-05-09,80,2aibwv5hGXSgw7Yru8IYTO,0.599
Supermassive Black Hole,Muse,2006-06-19,79,3lPr8ghNDBLc2uZovNyLs9,0.782
My Love (feat. T.I.),Justin Timberlake,2006-09-13,76,4NeOWqHmlrGRuBvsLJC9rL,0.808
Waiting On the World to Change,John Mayer,2006-09-11,75,5imShWWzwqfAJ9gXFpGAQh,0.663
All Around Me,Flyleaf,2006-01-01,69,1zN6ynJG4PdR61YWv4PQ3Y,0.47
I'm So Sick,Flyleaf,2006-01-01,69,3FP8A246XpuafFofRhDlWG,0.233
Life is a Highway,Rascal Flatts,2006-01-01,76,5gB2IrxOCX2j9bMnHKP38i,0.558
Riot,Three Days Grace,2006-06-25,71,1Q2fYlSdwuutWj3QplhY9q,0.316
Would You Go With Me,Josh Turner,2006,71,1KhrAWvLIjRlQIJtSTgvsi,0.736
MakeDamnSure,Taking Back Sunday,2006-04-25,70,6fTgbkBiMITtHUmik95ClX,0.432
Life is a Highway,Rascal Flatts,2006-01-01,75,2Fs18NaCDuluPG1DHGw1XG,0.655
What Hurts The Most,Rascal Flatts,2006-01-01,70,4bVuIlGQBMWS7vIhcx8Ae4,0.33
When I See U,Fantasia,2006-12-09,72,4iuNZTcvT9diFySSzVsnVS,0.754
Young Folks,Peter Bjorn and John,2006-01-01,77,4dyx5SzxPPaD8xQIid5Wjj,0.662
Never Too Late,Three Days Grace,2006-06-25,70,3HE50TVRquwXe9yv2HFoNL,0.217
Prayer Of The Refugee,Rise Against,2006-01-01,69,4OSbctVD37ycS0H3rwRm72,0.39
Teardrops On My Guitar - Radio Single Remix,Taylor Swift,2006-10-24,68,7zMcNqs55Mxer82bvZFkpg,0.289
Upside Down,Jack Johnson,2006-02-24,75,0aJrYfARfCKzv6gXjhs4SZ,0.694
Should've Said No,Taylor Swift,2006-10-24,68,16MVSD0mGI4RMQT83Qzm69,0.472
Salió El Sol,Don Omar,2006-01-01,79,48NXpYRuvv9izul4oXhqS9,0.965
Who Knew,P!nk,2006-04-04,76,2hns6Dv29Yrg68AVTJiAyA,0.46
Your Man,Josh Turner,2006,74,1WzAeadSKJhqykZFbJNmQv,0.785
Slow Dancing in a Burning Room,John Mayer,2006-09-11,74,2jdAk8ATWIL3dwT47XpRfu,0.29
The Power Of Love,Huey Lewis & The News,2006-01-01,76,2olVm1lHicpveMAo4AUDRB,0.962
Tim McGraw,Taylor Swift,2006-10-24,67,0Om9WAB5RS09L80DyOfTNa,0.425
Flashing Lights,Kanye West,2007-09-11,87,5TRPicyLGbAF2LGBFbHGvO,0.43
505,Arctic Monkeys,2007-04-24,81,58ge6dfP91o9oXMzq3XkIS,0.234
I Wonder,Kanye West,2007-09-11,86,7rbECVPkY5UODxoOUVKZnA,0.124
Misery Business,Paramore,2007-06-11,76,6SpLc7EXZIPpy0sVko0aoU,0.731
Homecoming,Kanye West,2007-09-11,82,4iz9lGMjU1lXS51oPmUmTe,0.918
Stronger,Kanye West,2007-09-11,83,0j2T0R9dR9qdJYsB7ciXhf,0.49
Can't Tell Me Nothing,Kanye West,2007-09-11,81,0mEdbdeRFQwBhN4xfyIeUM,0.102
The Way I Are,Timbaland,2007-01-01,83,2bLqfJjuC5syrsgDsZfGmn,0.765
Thnks fr th Mmrs,Fall Out Boy,2007-01-01,80,3Zwu2K0Qa5sT6teCCHPShP,0.588
Paralyzer,Finger Eleven,2007-01-01,76,28IEbk5a7twNTbUEvWslUb,0.861
Buy U a Drank (Shawty Snappin') (feat. Yung Joc),T-Pain,2007-06-05,77,1tkMs9wDPknQ3ZHcKDw1ES,0.605
Fake It,Seether,2007-01-01,76,4eAwB5pnKFTmsgc3zWoYO0,0.607
Umbrella,Rihanna,2007-01-01,73,2yPoXCs7BSIUrucMdK5PzV,0.575
Electric Feel,MGMT,2007-12-14,78,3FtYbEfBqAlGO46NUDQSAt,0.561
"Dear Maria, Count Me In",All Time Low,2007-09-25,77,0JJP0IS4w0fJx01EcrfkDe,0.572
Good Life,Kanye West,2007-09-11,77,4ZPdLEztrlZqbJkgHNw54L,0.487
Paper Planes,M.I.A.,2007-08-20,78,1ixbwbeBi5ufN4noUKmW5a,0.485
Beautiful Girls,Sean Kingston,2007-07-23,79,1hGy2eLcmC8eKx7qr1tOqx,0.769
Fluorescent Adolescent,Arctic Monkeys,2007-04-24,72,7e8utCy2JlSB8dRHKi49xM,0.821
Bleed It Out,Linkin Park,2007-05-14,79,0UFDKFqW2oGspYeYqo9wjA,0.596
What I've Done,Linkin Park,2007-05-14,81,18lR4BzEs7e3qzc0KVkTpU,0.287
You,Lloyd,2007-01-01,74,5Y77SQxEr1eiofPeUTPHxM,0.703
Crank That (Soulja Boy),Soulja Boy,2007-01-01,77,66TRwr5uJwPt15mfFkzhbi,0.803
The Pretender,Foo Fighters,2007-09-25,80,7x8dCjCr0x6x2lXKujYD34,0.365
Gimme More,Britney Spears,2007-10-25,81,6ic8OlLUNEATToEFU3xmaH,0.382
Bartender (feat. Akon),T-Pain,2007-06-05,74,1RGIjMFMgJxkZHMDXVYzOJ,0.436
Kids,MGMT,2007-12-14,78,1jJci4qxiYcOHhQR247rEU,0.172
Don't Stop The Music,Rihanna,2007-01-01,70,1Jo0Zg7XlrA6z0mFTZVdkn,0.542
All Summer Long,Kid Rock,2007-10-09,74,5rX6C5QVvvZB7XckETNych,0.887
Everything I Am,Kanye West,2007-09-11,75,0NrtwAmRAdLxua31SzHvXr,0.765
Apologize,OneRepublic,2007-01-01,71,1NrJYpdAi7uosDRPmSYrsG,0.502
Champion,Kanye West,2007-09-11,74,4UQMOPSUVJVicIQzjAcRRZ,0.723
Valerie (feat. Amy Winehouse) - Version Revisited,Mark Ronson,2007-04-16,78,6kopmMZiyLmw7h66uXcXR7,0.889
That's What You Get,Paramore,2007-06-11,68,1JdKrFyoU05abww0Zv0ayQ,0.632
Good Morning,Kanye West,2007-09-11,74,6MXXY2eiWkpDCezVCc0cMH,0.515
Verbatim,Mother Mother,2007-05-08,76,266Vb7ItE3o1q8HdJ9QOvn,0.492
Bleeding Love,Leona Lewis,2007,77,7wZUrN8oemZfsEd1CGkbXE,0.225
Pocketful of Sunshine,Natasha Bedingfield,2007-04-27,72,1uigwk5hNV84zRd5YQQRTk,0.655
Bubbly,Colbie Caillat,2007-01-01,69,0rFOs9paloAvEtzwDX1Kmc,0.249
Love Song,Sara Bareilles,2007-07-03,74,4E6cwWJWZw2zWf7VFbH7wf,0.573
Girlfriend,Avril Lavigne,2007-04-17,76,45hOioMDJktr86iKDHC8gr,0.669
Jigsaw Falling Into Place,Radiohead,2007-12-28,75,0YJ9FWWHn9EfnN0lHwbzvV,0.807
Because Of You,Ne-Yo,2007-01-01,76,6CFPFnS9EcLs2I0nWqtWci,0.828
"Check Yes, Juliet",We The Kings,2007-10-07,69,0wVluBsVAVzBKrqspuCcwR,0.351
Weird Fishes/ Arpeggi,Radiohead,2007-12-28,73,4wajJ1o7jWIg62YqpkHC7S,0.199
Let It Go,Keyshia Cole,2007-01-01,67,2RqZFOLOnzVmHUX7ZMcaES,0.781
Time to Pretend,MGMT,2007-12-14,73,4iG2gAwKXsOcijVaVXzRPW,0.421
Given Up,Linkin Park,2007-05-14,76,1fLlRApgzxWweF1JTf8yM5,0.938
Gunpowder & Lead,Miranda Lambert,2007-05-01,67,3z1PqYwMtct2Dm4R9lhWnT,0.353
Come On Get Higher,Matt Nathanson,2007-01-01,69,38YgZVHPWOWsKrsCXz6JyP,0.617
Heartless,Kanye West,2008-11-24,87,4EWCNWgDS8707fNSZ1oaA5,0.654
Viva La Vida,Coldplay,2008-05-26,87,1mea3bSkSGXuIRvnydlB5b,0.417
Chicken Fried,Zac Brown Band,2008-11-17,80,0LQtEJt7x0s6knb6RKdRYc,0.805
"You're Gonna Go Far, Kid",The Offspring,2008-06-17,83,6TfBA04WJ3X1d1wXhaCFVT,0.601
Poker Face,Lady Gaga,2008-01-01,78,5R8dQOPq8haW94K7mgERlO,0.787
Sex on Fire,Kings of Leon,2008-09-23,83,0ntQJM78wzOLVeCUAW7Y45,0.374
Walking On A Dream,Empire of the Sun,2008-10-03,81,5r5cp9IpziiIsR6b93vcnQ,0.716
Kiss Me Thru The Phone,Soulja Boy,2008-01-01,79,2q4rjDy9WhaN3o9MvDbO21,0.795
Just Dance,Lady Gaga,2008-01-01,76,2x7MyWybabEz6Y6wvHuwGE,0.745
Low (feat. T-Pain),Flo Rida,2008-03-17,82,0CAfXk7DXMnon4gLudAp7J,0.304
Sextape,Deftones,2008,77,1EryAkZ0VHstC6haIxVBiE,0.0964
I'm Yours,Jason Mraz,2008-05-12,81,1EzrEOXmMH3G43AXT1y7pA,0.712
Mary Jane's Last Dance,Tom Petty and the Heartbreakers,2008-05-20,74,3dmqIB2Qxe2XZobw9gXxJ6,0.531
Disturbia,Rihanna,2008-06-02,79,2VOomzT6VavJOGBeySqaMc,0.722
Savior,Rise Against,2008-01-01,78,1vcxF91pWs9uNwDROuiCPB,0.478
Toes,Zac Brown Band,2008-11-17,74,4S518ci8UY4op0Xyp6Hx6o,0.821
Gives You Hell,The All-American Rejects,2008-01-01,72,6ihL9TjfRjadfEePzXXyVF,0.552
Billie Jean,Michael Jackson,2008-02-08,82,5ChkMS8OtdzJeqyybCc9R5,0.847
Whatever You Like,T.I.,2008-09-07,75,1IAzD1muglOxOcPbUHs70R,0.467
Hot N Cold,Katy Perry,2008-06-17,72,1y4eb6hmAvsqlDOl3fx9kk,0.861
Paparazzi,Lady Gaga,2008-01-01,73,7Hqig8kp32q2Ire3ECQvWM,0.397
Umbrella,Rihanna,2008-06-02,85,49FYlytm3dAAraYgpoJZux,0.575
Miss Independent,Ne-Yo,2008-01-01,78,34ceTg8ChN5HjrqiIYCn9Q,0.713
You Belong With Me,Taylor Swift,2008-11-11,71,3GCL1PydwsLodcpv0Ll1ch,0.443
A-Punk,Vampire Weekend,2008-01-29,70,3AydAydLzyyZutA0375XIz,0.846
Burn It to the Ground,Nickelback,2008-10-28,75,1jq28NGw6wdtFKx8MBPy6C,0.6
Use Somebody,Kings of Leon,2008-09-23,78,5VGlqQANWDKJFl0MBG3sg2,0.173
Forever,Chris Brown,2008-04-29,78,3NZJlJemX3mzjf56MqC5ML,0.438
So What,P!nk,2008-10-24,78,0JiY190vktuhSGN6aqJdrt,0.462
American Boy,Estelle,2008-03-28,78,6etwirSInfuJrSOlogS6Sh,0.521
Make You Feel My Love,Adele,2008-01-28,74,5FgPwJ7Nh2FVmIXviKl2VF,0.0963
I Kissed A Girl,Katy Perry,2008-06-17,70,005lwxGU1tms6HGELIcUv9,0.696
Decode,Paramore,2008-11-04,74,1ZLtE9tSJdaUiIJ9YoKHQe,0.284
In Color,Jamey Johnson,2008-01-01,70,7CNd7rjfVt74TFlcOcnZgN,0.251
Love Story,Taylor Swift,2008-11-11,70,1vrd6UOGamcKNGnSHJQlSt,0.296
Skinny Love,Bon Iver,2008-02-19,73,3B3eOgLJSqPEA0RfboIQVM,0.109
A Milli,Lil Wayne,2008-06-10,71,6ScJMrlpiLfZUGtWp4QIVt,0.773
Alright,Darius Rucker,2008-01-01,71,5JlH51YDYsGj2dyEJKKjcN,0.711
Don't Stop The Music,Rihanna,2008-06-02,81,0ByMNEPAPpOR5H69DVrTNy,0.542
Burnin' Up,Jonas Brothers,2008-08-12,73,2VEsmoek0sol9MnJFyoG9e,0.807
Addicted,Saving Abel,2008-01-01,70,3pxCXv0NACYfYnLjFcQW5D,0.527
Circus,Britney Spears,2008-12-02,76,7jk7gqyEonmVVYahZN5zhW,0.761
Chasing Pavements,Adele,2008-01-28,72,56pHllZT7QOacB0bP56ofx,0.325
Womanizer,Britney Spears,2008-12-02,77,4fixebDZAVToLbUCuEloa2,0.235
Second Chance,Shinedown,2008-06-24,70,0CwYG1UnRmOx8Q1EzElCIL,0.182
LoveGame,Lady Gaga,2008-01-01,71,0TcJ7QWpggdSg8t0fHThHm,0.844
White Winter Hymnal,Fleet Foxes,2008-06-03,70,0GegHVxeozw3rdjte45Bfx,0.68
Lollipop,Lil Wayne,2008-06-10,72,4P7VFiaZb3xrXoqGwZXC3J,0.45
Hayloft,Mother Mother,2008-09-23,75,2kS6td1yvmpNgZTt1q5pQq,0.49
Whatever It Is,Zac Brown Band,2008-11-17,69,33kKQSeqM2ecEcKF0LNSRT,0.72
Party In The U.S.A.,Miley Cyrus,2009-01-01,79,5Q0Nhxo0l2bP3pNjpGJwV1,0.47
Dog Days Are Over,Florence + The Machine,2009,78,1YLJVmuzeM2YSUkCCaTNUB,0.245
Best I Ever Had,Drake,2009,79,3QLjDkgLh9AOEHlhQtDuhs,0.558
Ain't No Rest for the Wicked,Cage The Elephant,2009-03-24,76,3Pzh926pXggbMe2ZpXyMV7,0.917
Rosyln,Bon Iver,2009-10-09,78,4k7x3QKrc3h3U0Viqk0uop,0.121
I Gotta Feeling,Black Eyed Peas,2009-01-01,76,2H1047e0oMSj10dgp7p2VG,0.61
Day 'N' Nite (nightmare),Kid Cudi,2009-01-01,74,5wfllwdjglyQislkskYLBv,0.804
All I Wanted,Paramore,2009-09-28,75,1Bv3h7Vc4AaYA2BcSM3rVd,0.152
Empire State Of Mind,JAY-Z,2009-09-08,83,2igwFfvr1OAGX9SKDCPBwO,0.811
Run This Town,JAY-Z,2009-09-08,80,7LR85XLWw2yXqKBSI5brbG,0.441
Bad Romance,Lady Gaga,2009-11-05,83,0SiywuOBRcynK0uKGWdCnn,0.714
Down,Jay Sean,2009-01-01,79,6cmm1LMvZdB5zsCwX5BjqE,0.728
Monster,Skillet,2009-08-21,79,2UREu1Y8CO4jXkbvqAtP7g,0.692
She's Country,Jason Aldean,2009-04-07,73,0PspNrE4MSjr1JeB4OW0jn,0.638
Fireflies,Owl City,2009-01-01,79,3DamFFqW32WihKkTVlwTYQ,0.472
Pursuit Of Happiness (Nightmare),Kid Cudi,2009-09-15,72,5iSEsR6NKjlC9SrIJkyL3k,0.266
Big Black Car,Gregory Alan Isakov,2009-01-01,76,3Kj2EWpIBnvETsYq4cq0IH,0.468
Replay,Iyaz,2009-08-11,73,5vlEg2fT4cFWAqU5QptIpQ,0.195
Little Lion Man,Mumford & Sons,2009-10-02,71,4B4vB3oB8csotplfoQcAd6,0.496
Pursuit Of Happiness (Nightmare),Kid Cudi,2009-01-01,71,6MtKObWYda2qnNIpJI21uD,0.266
Forever,Drake,2009-05-15,75,5UsLjwBaTHBX4ektWIr4XX,0.54
Neon Moon,Brooks & Dunn,2009-09-08,72,3EUl8M6SzxZl03NPkB8mUd,0.458
Little Bit (feat. Lykke Li),Drake,2009,73,524wvipGqxPKYWxkjf9y46,0.771
1901,Phoenix,2009-05-25,73,1Ug5wxoHthwxctyWTUMGta,0.704
Telephone,Lady Gaga,2009-08-05,72,7rl7ao5pb9BhvAzPdWStxi,0.713
Memories (feat. Kid Cudi),David Guetta,2009-08-21,69,4dTaAiV9xFFCxnPur9c9yL,0.498
The Cave,Mumford & Sons,2009-10-02,70,3vUn7FE3ZaQgJmkhIrIirF,0.368
I Will Not Bow,Breaking Benjamin,2009-01-01,71,2yXyz4NLTZx9CLdXfLTp5E,0.55
Obsessed,Mariah Carey,2009-09-29,69,3IcIIZMMS7UArJJPtEHXG8,0.369
Rude Boy,Rihanna,2009-11-20,79,60jzFy6Nn4M0iD1d94oteF,0.812
Secrets,OneRepublic,2009-01-01,77,1NhPKVLsHhFUHIOZ32QnS2,0.376
Boot Scootin' Boogie,Brooks & Dunn,2009-09-08,71,7Fq9RwQxSn3kW85PrDUf0M,0.862
Day 'N' Nite (nightmare),Kid Cudi,2009-09-15,69,5FEXPoPnzueFJQCPRIrC3c,0.799
BedRock,Young Money,2009-01-01,71,3iL2l5gUqyPS6vDwJFgJTR,0.557
Meet Me Halfway,Black Eyed Peas,2009-01-01,70,6wOYnPq1hPihRepcDClPUw,0.4
Fire Burning,Sean Kingston,2009-09-07,73,2oENJa1T33GJ0w8dC167G4,0.888
Hotel Room Service,Pitbull,2009-08-27,73,0OPyDgTRuIdCJ9B4bYSths,0.738
Beach Baby,Bon Iver,2009-01-20,73,2LXtyj95dK56ENS1QLt4IB,0.0922
Big Green Tractor,Jason Aldean,2009-04-07,69,4KAzYqfcijCSZa2P3etHoM,0.579
Dile al Amor,Aventura,2009-06-09,77,2Bhmj4XK33InfhqKPxcJ1v,0.944
Sweet Disposition,The Temper Trap,2009-03-24,67,5RoIXwyTCdyUjpMMkk4uPd,0.34
The Only Exception,Paramore,2009-09-28,75,7JIuqL4ZqkpfGKQhYlrirs,0.209
Sexy Bitch (feat. Akon),David Guetta,2009-08-21,67,0uXO2GrNiIb1xHT9LUdxZE,0.801
Birthday Sex,Jeremih,2009-01-01,70,4NpDZPwSXmL0cCTaJuVrCw,0.445
Home - 2019 - Remaster,Edward Sharpe & The Magnetic Zeros,2009-07-07,71,7KWGfnsUU4Ri46TIvjpAPx,0.106
Bad Company,Five Finger Death Punch,2009-09-22,68,2KZXCH4npY28gtZKXcB2N8,0.171
Rain Is A Good Thing,Luke Bryan,2009-01-01,70,1YhFtqwcN138S6ng3MT1nN,0.519
She Wolf,Shakira,2009,76,4cS2HQ6jK80vqdY9ofpztx,0.867
Right Round,Flo Rida,2009-03-30,77,3GpbwCm3YxiWDvy29Uo3vP,0.705
You Found Me,The Fray,2009-02-02,74,4IoYz8XqqdowINzfRrFnhi,0.4
Sure Thing,Miguel,2010-11-26,88,0JXXNGljqupsJaZsgSbMZV,0.498
The Spins,Mac Miller,2010-08-13,82,7FAFkQQZFeNwOFzTrSDFIh,0.55
Just the Way You Are,Bruno Mars,2010-10-05,85,7BqBn9nzAq8spo5e7cZ0dJ,0.424
Girl With The Tattoo Enter.lewd,Miguel,2010-11-26,81,1eUGmzzvahJjOSWgDHuRlv,0.127
Duvet,bôa,2010-04-20,84,42qNWdLKCI41S4uzfamhFM,0.706
No Hands (feat. Roscoe Dash & Wale),Waka Flocka Flame,2010-10-01,78,03tqyYWC9Um2ZqU0ZN849H,0.361
Devil In A New Dress,Kanye West,2010-11-22,80,1UGD3lW3tDmgZfAVDh6w7r,0.206
Super Bass,Nicki Minaj,2010-11-22,81,3hlksXnvbKogFdPbpO9vel,0.667
Grenade,Bruno Mars,2010-10-05,79,2tJulUYLDKOg9XrtVkMgcJ,0.245
"Hey, Soul Sister",Train,2010-12-01,84,4HlFJV71xXKIGcU3kRyttv,0.795
Talking to the Moon,Bruno Mars,2010-10-05,82,161DnLWsx1i3u1JT05lzqU,0.0784
Je te laisserai des mots,Patrick Watson,2010-09-10,85,0V5cvmTKsYmF5FmGGEAfmS,0.213
Knee Deep (feat. Jimmy Buffett),Zac Brown Band,2010-09-20,76,60IGhnH20N82dNxKnc8jDd,0.609
TiK ToK,Kesha,2010-01-01,83,0HPD5WQqrq7wPWR7P7Dw1i,0.714
Last Friday Night (T.G.I.F.),Katy Perry,2010-01-01,76,3avYqdwHKEq8beXbeWCKqJ,0.72
Runaway,Kanye West,2010-11-22,80,3DK6m7It6Pw857FcQftMds,0.111
I Can't Handle Change,Roar,2010-03-14,80,0I1eFRytp4XRhLCjT6tZm7,0.39
Only Girl (In The World),Rihanna,2010-01-01,83,2ENexcMEMsYk0rVJigVD3i,0.638
Dirt Road Anthem,Jason Aldean,2010-11-02,75,2qYsSHsYkihWx043HVJQRV,0.635
All Of The Lights,Kanye West,2010-11-22,79,22L7bfCiAkJo5xGSQgmiIO,0.221
Love The Way You Lie,Eminem,2010-06-18,84,15JINEqzVMv3SvJTAXAKED,0.641
Where'd All the Time Go?,Dr. Dog,2010-11-02,79,0UV5zxRMz6AO4ZwUOZNIKI,0.575
Teenage Dream,Katy Perry,2010-01-01,74,5jzKL4BDMClWqRguW5qZvh,0.591
S&M,Rihanna,2010-01-01,81,7ySUcLPVX7KudhnmNcgY2D,0.835
DJ Got Us Fallin' In Love (feat. Pitbull),USHER,2010-03-30,81,4356Typ82hUiFAynbLYbPn,0.654
Danza Kuduro,Don Omar,2010-01-01,81,2a1o6ZejUi8U3wzzOtCOYw,0.878
POWER,Kanye West,2010-11-22,79,2gZUPNdnz5Y45eiGxpHGSc,0.576
What You Know,Two Door Cinema Club,2010-02-17,75,3GBApU0NuzH4hKZq4NOSdA,0.775
Christmas Kids,Roar,2010-03-14,80,40gk32E7YaTFoQwDIWv2SY,0.558
Marry You,Bruno Mars,2010-10-05,77,22PMfvdz35fFKYnJyMn077,0.452
Baby,Justin Bieber,2010-01-01,82,6epn3r7S14KUqlReYr77hA,0.535
Enchanted,Taylor Swift,2010-10-25,73,10eBRyImhfqVvkiVEGf0N0,0.208
Over,Drake,2010-01-01,72,6BdgtqiV3oXNqBikezwdvC,0.45
"Moves Like Jagger - Studio Recording From ""The Voice"" Performance",Maroon 5,2010,73,7LcfRTgAVTs5pQGEQgUEzN,0.62
Raise Your Glass,P!nk,2010-10-05,80,1gv4xPanImH17bKZ9rOveR,0.624
Fancy,Drake,2010-01-01,72,3fpTMuD1u3gJlVI4FadVHs,0.28
California Gurls,Katy Perry,2010-01-01,72,6KOEK6SeCEZOQkLj5M1PxH,0.403
Bottoms Up (feat. Nicki Minaj),Trey Songz,2010-09-14,73,4AYX69oFP3UOS1CFmV9UfO,0.331
Cooler Than Me - Single Mix,Mike Posner,2010-08-09,77,2V4bv1fNWfTcyRJKmej6Sj,0.625
All I Want Is You (feat. J. Cole),Miguel,2010-11-26,74,5VA4Ispp52EA1sOqzMz3Av,0.921
Mr. Rager,Kid Cudi,2010-01-01,72,2ncLdwTd8qzkxiJjlbiOgC,0.533
Animal,Neon Trees,2010-01-01,71,1fBl642IhJOE5U319Gy2Go,0.74
Es un Secreto,Plan B,2010-07-20,70,7JwdbqIpiuWvGbRryKSuBz,0.514
Nothin' on You (feat. Bruno Mars),B.o.B,2010-04-27,78,59dLtGBS26x7kc0rHbaPrq,0.743
Just Can’t Get Enough,Black Eyed Peas,2010-01-01,79,3JA9Jsuxr4xgHXEawAdCp4,0.262
The One That Got Away,Katy Perry,2010-01-01,73,6hkOqJ5mE093AQf2lbZnsG,0.876
Runaway Baby,Bruno Mars,2010-10-05,73,5MMLS3xm12D7N26xlfFApr,0.823
Not Afraid,Eminem,2010-06-18,80,7Ie9W94M7OjPoZVV216Xus,0.668
Like A G6,Far East Movement,2010-01-01,70,4DvhkX2ic4zWkQeWMwQ2qf,0.778
The Lazy Song,Bruno Mars,2010-10-05,75,1ExfPZEiahqhLyajhybFeS,0.955
